display_name,project_name,artifact_namespace
Walnut,walnuthq,walnuthq
Angel,angel,
9Lives,9lives-fluidity-money,fluidity-money
CoBuilders,cobuilders-xyz,cobuilders-xyz
Nuffle Labs,nuffle-labs,
Redstone Finance,redstone-finance,redstone-finance
Open Source Observer,opensource-observer,opensource-observer
Sylow,sylow-warlock-labs,warlock-labs
Runtime Verification,runtimeverification,runtimeverification
Enclave,enclave-gnosisguild,gnosisguild
thirdweb,third-web,thirdweb-dev
Ember,ember-shahankhatch,shahankhatch
Remix IDE plugin for Arbitrum Stylus,remix-arbitrum-welldonestudio,welldonestudio
CodeTracer,codetracer-metacraft-labs,metacraft-labs
Moving Stylus,rather_labs,rather-labs
Passport XYZ,passportxyz,passportxyz
Syndicate Protocol,syndicateprotocol,syndicateprotocol
StylusPort,stylusport-teamscanworks,teamscanworks
Solang,solang-hyperledger-solang,hyperledger-solang
Fiet Protocol,fiet-protocol-usherlabs,
Pyth Network,pyth-network,pyth-network
Arbos Foundry,arbos-foundry-bernard-wagner,bernard-wagner
Debid - Fairblock,fairblock,fairblock
Trail of Bits Security Reviews,trailofbits,trailofbits
Remix IDE plugin for Arbitrum Stylus,remix-arbitrum-welldonestudio,dsrvlabs
WakeUp Labs,wakeuplabs,wakeuplabs
